model,L,AIC,AICc,BIC,N,p
JTT+G8,-163731.49421,329370.988419,2151510.988419,333975.512563,954,1.0
JTT-DCMut+G8,-163782.805671,329473.611341,2151613.611341,334078.135485,954,5.19655620986719e-23
HIVb+FO,-184941.764048,371827.528095,2263339.528095,376518.930053,972,0.0
HIVb+FO+IC,-182967.79426,367881.58852,2263285.58852,372577.817023,973,0.0
HIVb+FO+IO,-182935.84575,367817.691501,2263221.691501,372513.920003,973,0.0
HIVb+G8,-168907.791623,339723.583246,2161863.583246,344328.10739,954,0.0
HIVb+G8+IC,-168924.003656,339758.007312,2165718.007312,344367.358,955,0.0
HIVb+G8+IO,-168885.375057,339680.750114,2165640.750114,344290.100802,955,0.0
HIVb+G8+FC,-168490.40145,338926.8029,2234330.8029,343623.031403,973,0.0
HIVb+G8+FC+IC,-168499.600933,338947.201867,2238247.201867,343648.256915,974,0.0
HIVb+G8+FC+IO,-168454.342832,338856.685664,2238156.685664,343557.740712,974,0.0
HIVw+FO+IO,-188456.718931,378859.437862,2274263.437862,383555.666365,973,0.0
HIVb+G8+FO+IO,-167489.703408,336927.406816,2236227.406816,341628.461863,974,0.0
HIVw,-194367.355387,390640.710773,2208964.710773,395240.408372,953,0.0
HIVw+IC,-191993.823757,385895.647515,2208035.647515,390500.171658,954,0.0
HIVw+IO,-191962.427672,385832.855344,2207972.855344,390437.379487,954,0.0
HIVw+FC,-192784.612436,387513.224872,2279025.224872,392204.626829,972,0.0
HIVw+FC+IC,-190379.107738,382704.215476,2278108.215476,387400.443979,973,0.0
HIVw+FC+IO,-190347.767335,382641.534671,2278045.534671,387337.763173,973,0.0
HIVw+FO,-190793.368094,383530.736187,2275042.736187,388222.138145,972,0.0
HIVw+FO+IC,-188488.197865,378922.395729,2274326.395729,383618.624232,973,0.0
HIVb+G8+FO+IC,-167536.913846,337021.827692,2236321.827692,341722.88274,974,0.0
FLU+FC,-186172.079716,374288.159432,2265800.159432,378979.561389,972,0.0
FLU+FC+IC,-184135.23288,370216.465761,2265620.465761,374912.694263,973,0.0
FLU+FC+IO,-184103.337483,370152.674966,2265556.674966,374848.903469,973,0.0
FLU+FO,-187449.750657,376843.501313,2268355.501313,381534.90327,972,0.0
FLU+FO+IC,-181413.181348,364772.362697,2260176.362697,369468.591199,973,0.0
FLU+FO+IO,-181381.201582,364708.403164,2260112.403164,369404.631667,973,0.0
FLU+G8,-168806.862425,339521.72485,2161661.72485,344126.248994,954,0.0
FLU+G8+IC,-168814.716972,339539.433944,2165499.433944,344148.784633,955,0.0
FLU+G8+IO,-168774.607456,339459.214912,2165419.214912,344068.5656,955,0.0
HIVb+FC+IO,-184008.148316,369962.296632,2265366.296632,374658.525134,973,0.0
FLU+G8+FC+IC,-168775.099292,339498.198584,2238798.198584,344199.253632,974,0.0
FLU+G8+FC+IO,-168737.093448,339422.186895,2238722.186895,344123.241943,974,0.0
FLU+G8+FO,-166613.35492,335172.70984,2230576.70984,339868.938342,973,0.0
FLU+G8+FO+IC,-166603.282108,335154.564215,2234454.564215,339855.619263,974,0.0
FLU+G8+FO+IO,-166564.768673,335077.537345,2234377.537345,339778.592393,974,0.0
HIVb,-186617.715729,375141.431457,2193465.431457,379741.129056,953,0.0
HIVb+IC,-184632.789712,371173.579425,2193313.579425,375778.103568,954,0.0
HIVb+IO,-184600.828997,371109.657995,2193249.657995,375714.182138,954,0.0
HIVb+FC,-186044.059268,374032.118536,2265544.118536,378723.520493,972,0.0
HIVb+FC+IC,-184039.952736,370025.905472,2265429.905472,374722.133974,973,0.0
FLU+G8+FC,-168770.077343,339486.154686,2234890.154686,344182.383189,973,0.0
JTT+G8+FC+IO,-163903.246509,329754.493018,2229054.493018,334455.548066,974,0.0
JTT+G8+FO,-163445.38212,328836.76424,2224240.76424,333532.992743,973,0.0
JTT+G8+FO+IC,-163474.956689,328897.913377,2228197.913377,333598.968425,974,0.0
JTT+G8+FO+IO,-163434.0951,328816.190201,2228116.190201,333517.245248,974,0.0
JTT-DCMut,-178775.307073,359456.614146,2177780.614146,364056.311744,953,0.0
JTT-DCMut+IC,-176913.661673,355735.323347,2177875.323347,360339.84749,954,0.0
JTT-DCMut+IO,-176881.505343,355671.010685,2177811.010685,360275.534828,954,0.0
JTT-DCMut+FC+IC,-176948.388705,355842.777411,2251246.777411,360539.005913,973,0.0
JTT-DCMut+FC+IO,-176916.256725,355778.513449,2251182.513449,360474.741952,973,0.0
HIVw+G8,-176243.117546,354394.235093,2176534.235093,358998.759236,954,0.0
JTT-DCMut+FO+IC,-176604.912007,355155.824013,2250559.824013,359852.052516,973,0.0
JTT-DCMut+FO+IO,-176572.826983,355091.653966,2250495.653966,359787.882469,973,0.0
JTT-DCMut+G8+IC,-163810.337051,329530.674101,2155490.674101,334140.02479,955,0.0
JTT-DCMut+G8+IO,-163769.700275,329449.40055,2155409.40055,334058.751238,955,0.0
JTT-DCMut+G8+FC,-163963.211722,329872.423445,2225276.423445,334568.651947,973,0.0
JTT-DCMut+G8+FC+IC,-163992.899251,329933.798503,2229233.798503,334634.853551,974,0.0
JTT-DCMut+G8+FC+IO,-163949.488467,329846.976934,2229146.976934,334548.031981,974,0.0
JTT-DCMut+G8+FO,-163482.853656,328911.707312,2224315.707312,333607.935815,973,0.0
JTT-DCMut+G8+FO+IO,-163472.08228,328892.16456,2228192.16456,333593.219608,974,0.0
JTT-DCMut+FO,-178479.71261,358903.42522,2250415.42522,363594.827177,972,0.0
cpREV,-181543.824914,364993.649828,2183317.649828,369593.347426,953,0.0
HIVw+G8+IC,-176256.235686,354422.471373,2180382.471373,359031.822061,955,0.0
HIVw+G8+IO,-176218.586015,354347.172031,2180307.172031,358956.522719,955,0.0
HIVw+G8+FC,-174747.956902,351441.913805,2246845.913805,356138.142307,973,0.0
HIVw+G8+FC+IC,-174727.730244,351403.460488,2250703.460488,356104.515536,974,0.0
HIVw+G8+FC+IO,-174690.130627,351328.261255,2250628.261255,356029.316303,974,0.0
HIVw+G8+FO,-172583.357539,347112.715077,2242516.715077,351808.94358,973,0.0
HIVw+G8+FO+IO,-172524.510117,346997.020234,2246297.020234,351698.075282,974,0.0
JTT,-178754.600795,359415.20159,2177739.20159,364014.899188,953,0.0
JTT+G8+FC+IC,-163946.394678,329840.789356,2229140.789356,334541.844404,974,0.0
JTT+IO,-176854.980875,355617.96175,2177757.96175,360222.485893,954,0.0
JTT+FC,-178789.692704,359523.385409,2251035.385409,364214.787366,972,0.0
JTT+FC+IC,-176903.515883,355753.031766,2251157.031766,360449.260268,973,0.0
JTT+FC+IO,-176871.405343,355688.810685,2251092.810685,360385.039188,973,0.0
JTT+FO,-178459.811836,358863.623672,2250375.623672,363555.025629,972,0.0
JTT+FO+IC,-176574.926391,355095.852782,2250499.852782,359792.081284,973,0.0
JTT+FO+IO,-176542.864678,355031.729357,2250435.729357,359727.957859,973,0.0
JTT+G8+IC,-163758.067476,329426.134951,2155386.134951,334035.48564,955,0.0
JTT+G8+IO,-163717.888608,329345.777217,2155305.777217,333955.127905,955,0.0
JTT+G8+FC,-163917.443827,329780.887654,2225184.887654,334477.116156,973,0.0
JTT+IC,-176887.127243,355682.254486,2177822.254486,360286.778629,954,0.0
cpREV+FO,-179799.321196,361542.642392,2253054.642392,366234.044349,972,0.0
cpREV+FO+IC,-178229.592728,358405.185456,2253809.185456,363101.413958,973,0.0
cpREV+FO+IO,-178197.107248,358340.214496,2253744.214496,363036.442998,973,0.0
cpREV+G8,-166917.573178,335743.146357,2157883.146357,340347.6705,954,0.0
cpREV+G8+IC,-166939.989717,335789.979434,2161749.979434,340399.330122,955,0.0
cpREV+G8+IO,-166897.545076,335705.090153,2161665.090153,340314.440841,955,0.0
cpREV+G8+FC,-167361.50333,336669.006661,2232073.006661,341365.235163,973,0.0
cpREV+G8+FC+IC,-167391.311147,336730.622293,2236030.622293,341431.677341,974,0.0
cpREV+G8+FC+IO,-167346.30408,336640.60816,2235940.60816,341341.663208,974,0.0
FLU+IO,-184317.348085,370542.69617,2192682.69617,375147.220313,954,0.0
DCMut,-180468.158919,362842.317838,2181166.317838,367442.015436,953,0.0
DCMut+IC,-178559.325423,359026.650845,2181166.650845,363631.174988,954,0.0
DCMut+IO,-178527.029803,358962.059607,2181102.059607,363566.58375,954,0.0
DCMut+FC,-180485.930147,362915.860294,2254427.860294,367607.262251,972,0.0
DCMut+FC+IC,-178566.081692,359078.163383,2254482.163383,363774.391886,973,0.0
DCMut+FO,-179534.593924,361013.187849,2252525.187849,365704.589806,972,0.0
DCMut+FO+IC,-177668.044808,357282.089615,2252686.089615,361978.318118,973,0.0
DCMut+FO+IO,-177635.648462,357217.296924,2252621.296924,361913.525426,973,0.0
DCMut+G8,-165765.044737,333438.089475,2155578.089475,338042.613618,954,0.0
DCMut+G8+IC,-165796.443015,333502.886029,2159462.886029,338112.236718,955,0.0
Dayhoff+G8+FO+IO,-164686.606473,331321.212945,2230621.212945,336022.267993,974,0.0
WAG+IC,-177579.53197,357067.063941,2179207.063941,361671.588084,954,0.0
WAG+IO,-177547.215181,357002.430362,2179142.430362,361606.954506,954,0.0
WAG+FC,-179751.352676,361446.705352,2252958.705352,366138.10731,972,0.0
WAG+FC+IC,-177889.866056,357725.732112,2253129.732112,362421.960615,973,0.0
WAG+FC+IO,-177857.51414,357661.02828,2253065.02828,362357.256783,973,0.0
WAG+FO,-178670.4145,359284.829,2250796.829,363976.230957,972,0.0
WAG+FO+IC,-176842.907802,355631.815605,2251035.815605,360328.044107,973,0.0
WAG+FO+IO,-176810.612474,355567.224948,2250971.224948,360263.45345,973,0.0
WAG+G8,-165086.549551,332081.099102,2154221.099102,336685.623245,954,0.0
cpREV+FC+IO,-179975.476258,361896.952516,2257300.952516,366593.181018,973,0.0
WAG+G8+IO,-165069.510946,332049.021893,2158009.021893,336658.372581,955,0.0
WAG+G8+FC,-165393.4226,332732.8452,2228136.8452,337429.073702,973,0.0
WAG+G8+FC+IC,-165414.602459,332777.204917,2232077.204917,337478.259965,974,0.0
WAG+G8+FC+IO,-165374.423712,332696.847423,2231996.847423,337397.902471,974,0.0
cpREV+G8+FO,-165573.54988,333093.09976,2228497.09976,337789.328262,973,0.0
cpREV+G8+FO+IC,-165604.327537,333156.655074,2232456.655074,337857.710121,974,0.0
cpREV+IC,-179922.777852,361753.555704,2183893.555704,366358.079847,954,0.0
cpREV+IO,-179890.234546,361688.469093,2183828.469093,366292.993236,954,0.0
cpREV+FC,-181667.58553,365279.17106,2256791.17106,369970.573017,972,0.0
cpREV+FC+IC,-180007.889758,361961.779517,2257365.779517,366658.008019,973,0.0
WAG+G8+IC,-165106.506257,332123.012514,2158083.012514,336732.363202,955,0.0
DEN+G8+FO+IC,-163999.859641,329947.719282,2229247.719282,334648.77433,974,0.0
DEN+G8+FO+IO,-163960.918789,329869.837577,2229169.837577,334570.892625,974,0.0
Blosum62,-181659.509718,365225.019436,2183549.019436,369824.717034,953,0.0
Blosum62+IO,-179775.39227,361458.784539,2183598.784539,366063.308682,954,0.0
Blosum62+FC+IC,-179879.184818,361704.369636,2257108.369636,366400.598139,973,0.0
Blosum62+FC+IO,-179846.896676,361639.793353,2257043.793353,366336.021855,973,0.0
Blosum62+FO,-180419.446877,362782.893754,2254294.893754,367474.295711,972,0.0
Blosum62+FO+IC,-178575.346638,359096.693276,2254500.693276,363792.921778,973,0.0
Blosum62+FO+IO,-178543.049534,359032.099068,2254436.099068,363728.327571,973,0.0
DCMut+G8+IO,-165751.674473,333413.348947,2159373.348947,338022.699635,955,0.0
Blosum62+G8+IC,-167021.273482,335952.546963,2161912.546963,340561.897652,955,0.0
Blosum62+G8+IO,-166985.018617,335880.037235,2161840.037235,340489.387923,955,0.0
Blosum62+G8+FC,-167381.951342,336709.902684,2232113.902684,341406.131186,973,0.0
Blosum62+G8+FC+IC,-167402.831823,336753.663646,2236053.663646,341454.718693,974,0.0
Blosum62+G8+FC+IO,-167365.638518,336679.277036,2235979.277036,341380.332083,974,0.0
Blosum62+G8+FO,-166206.347267,334358.694534,2229762.694534,339054.923037,973,0.0
Blosum62+G8+FO+IC,-166221.63052,334391.26104,2233691.26104,339092.316088,974,0.0
Blosum62+G8+FO+IO,-166185.276146,334318.552292,2233618.552292,339019.60734,974,0.0
FLU,-186346.460522,374598.921043,2192922.921043,379198.618641,953,0.0
FLU+IC,-184349.279044,370606.558087,2192746.558087,375211.082231,954,0.0
Blosum62+G8,-167006.945497,335921.890994,2158061.890994,340526.415137,954,0.0
DCMut+G8+FC,-165635.623731,333217.247462,2228621.247462,337913.475965,973,0.0
DCMut+G8+FC+IC,-165666.276172,333280.552344,2232580.552344,337981.607392,974,0.0
DCMut+G8+FC+IO,-165621.356943,333190.713886,2232490.713886,337891.768933,974,0.0
DCMut+G8+FO,-164695.658943,331337.317887,2226741.317887,336033.546389,973,0.0
DCMut+G8+FO+IC,-164732.668704,331413.337409,2230713.337409,336114.392456,974,0.0
DCMut+G8+FO+IO,-164687.350964,331322.701929,2230622.701929,336023.756977,974,0.0
DEN,-180512.827064,362931.654127,2181255.654127,367531.351725,953,0.0
DEN+IC,-178773.818877,359455.637755,2181595.637755,364060.161898,954,0.0
DEN+IO,-178741.449415,359390.898829,2181530.898829,363995.422973,954,0.0
DEN+FC,-180423.244448,362790.488896,2254302.488896,367481.890853,972,0.0
DEN+G8+FO,-163968.858219,329883.716438,2225287.716438,334579.944941,973,0.0
DEN+FC+IO,-178584.023882,359114.047764,2254518.047764,363810.276267,973,0.0
DEN+FO,-182780.998363,367505.996725,2259017.996725,372197.398683,972,0.0
DEN+FO+IC,-180949.865227,363845.730455,2259249.730455,368541.958957,973,0.0
DEN+FO+IO,-180917.484,363780.968,2259184.968,368477.196503,973,0.0
DEN+G8,-164621.431638,331150.863276,2153290.863276,335755.387419,954,0.0
DEN+G8+IC,-164638.141567,331186.283133,2157146.283133,335795.633822,955,0.0
DEN+G8+IO,-164599.326933,331108.653867,2157068.653867,335718.004555,955,0.0
DEN+G8+FC,-164764.017765,331474.03553,2226878.03553,336170.264032,973,0.0
DEN+G8+FC+IC,-164797.327575,331542.65515,2230842.65515,336243.710198,974,0.0
DEN+G8+FC+IO,-164759.090783,331466.181565,2230766.181565,336167.236613,974,0.0
DEN+FC+IC,-178616.356104,359178.712207,2254582.712207,363874.94071,973,0.0
rtREV+FO+IO,-182310.765198,366567.530395,2261971.530395,371263.758898,973,0.0
rtREV+G8,-166324.728775,334557.457549,2156697.457549,339161.981692,954,0.0
rtREV+G8+IC,-166339.614002,334589.228005,2160549.228005,339198.578693,955,0.0
rtREV+G8+IO,-166300.414846,334510.829693,2160470.829693,339120.180381,955,0.0
rtREV+G8+FC,-165743.716078,333433.432156,2228837.432156,338129.660658,973,0.0
rtREV+G8+FC+IC,-165783.304666,333514.609331,2232814.609331,338215.664379,974,0.0
rtREV+G8+FC+IO,-165744.491811,333436.983622,2232736.983622,338138.03867,974,0.0
rtREV+G8+FO,-165123.441041,332192.882082,2227596.882082,336889.110585,973,0.0
rtREV+G8+FO+IC,-165154.849352,332257.698705,2231557.698705,336958.753752,974,0.0
LG,-181147.576879,364201.153757,2182525.153757,368800.851355,953,0.0
stmtREV,-189343.936961,380593.873921,2198917.873921,385193.571519,953,0.0
stmtREV+IC,-187202.982977,376313.965955,2198453.965955,380918.490098,954,0.0
stmtREV+IO,-187171.208087,376250.416174,2198390.416174,380854.940318,954,0.0
stmtREV+FC,-188682.814585,379309.629169,2270821.629169,384001.031127,972,0.0
stmtREV+FC+IC,-186388.799679,374723.599359,2270127.599359,379419.827861,973,0.0
stmtREV+FC+IO,-186357.130282,374660.260563,2270064.260563,379356.489066,973,0.0
stmtREV+FO,-186268.853778,374481.707555,2265993.707555,379173.109513,972,0.0
stmtREV+FO+IC,-184079.30858,370104.61716,2265508.61716,374800.845662,973,0.0
stmtREV+FO+IO,-184047.609122,370041.218244,2265445.218244,374737.446746,973,0.0
stmtREV+G8,-173532.760722,348973.521445,2171113.521445,353578.045588,954,0.0
rtREV+G8+FO+IO,-165115.06055,332178.121101,2231478.121101,336879.176148,974,0.0
PMB+IO,-179173.914584,360255.829168,2182395.829168,364860.353311,954,0.0
PMB+FC,-181247.795332,364439.590664,2255951.590664,369130.992621,972,0.0
PMB+FC+IC,-179371.957594,360689.915188,2256093.915188,365386.14369,973,0.0
PMB+FC+IO,-179339.62944,360625.25888,2256029.25888,365321.487383,973,0.0
PMB+FO,-180039.242793,362022.485586,2253534.485586,366713.887543,972,0.0
PMB+FO+IC,-178181.497358,358308.994717,2253712.994717,363005.223219,973,0.0
PMB+FO+IO,-178149.228895,358244.45779,2253648.45779,362940.686293,973,0.0
PMB+G8,-166539.844505,334987.68901,2157127.68901,339592.213153,954,0.0
PMB+G8+IC,-166552.690439,335015.380878,2160975.380878,339624.731566,955,0.0
rtREV+FO,-184137.839184,370219.678367,2261731.678367,374911.080325,972,0.0
PMB+G8+FC,-167011.709235,335969.418471,2231373.418471,340665.646973,973,0.0
PMB+G8+FC+IC,-167031.267686,336010.535372,2235310.535372,340711.590419,974,0.0
PMB+G8+FC+IO,-166994.384473,335936.768946,2235236.768946,340637.823994,974,0.0
PMB+G8+FO,-165932.531628,333811.063256,2229215.063256,338507.291758,973,0.0
PMB+G8+FO+IC,-165945.344764,333838.689528,2233138.689528,338539.744576,974,0.0
PMB+G8+FO+IO,-165909.675407,333767.350814,2233067.350814,338468.405862,974,0.0
rtREV+IC,-180323.931851,362555.863703,2184695.863703,367160.387846,954,0.0
rtREV+IO,-180291.597992,362491.195984,2184631.195984,367095.720127,954,0.0
rtREV+FC+IC,-179727.221499,361400.442998,2256804.442998,366096.671501,973,0.0
rtREV+FC+IO,-179694.852067,361335.704134,2256739.704134,366031.932636,973,0.0
PMB+G8+IO,-166516.822118,334943.644237,2160903.644237,339552.994925,955,0.0
VT+G8+FO+IC,-164353.161137,330654.322275,2229954.322275,335355.377322,974,0.0
VT+G8+FO+IO,-164314.187409,330576.374818,2229876.374818,335277.429866,974,0.0
WAG,-179434.478905,360774.957809,2179098.957809,365374.655407,953,0.0
cpREV+G8+FO+IO,-165560.847831,333069.695662,2232369.695662,337770.75071,974,0.0
Dayhoff,-180483.567285,362873.13457,2181197.13457,367472.832168,953,0.0
Dayhoff+IO,-178542.501884,358993.003768,2181133.003768,363597.527911,954,0.0
Dayhoff+FC,-180502.930057,362949.860113,2254461.860113,367641.262071,972,0.0
Dayhoff+FC+IC,-178582.868176,359111.736352,2254515.736352,363807.964855,973,0.0
Dayhoff+FC+IO,-178550.377251,359046.754502,2254450.754502,363742.983004,973,0.0
stmtREV+G8+IC,-173455.1574,348820.3148,2174780.3148,353429.665489,955,0.0
Dayhoff+FO+IC,-177680.018802,357306.037605,2252710.037605,362002.266107,973,0.0
Dayhoff+FO+IO,-177647.617147,357241.234294,2252645.234294,361937.462797,973,0.0
Dayhoff+G8+IC,-165799.4635,333508.926999,2159468.926999,338118.277688,955,0.0
Dayhoff+G8+IO,-165754.575668,333419.151337,2159379.151337,338028.502025,955,0.0
Dayhoff+G8+FC,-165639.445297,333224.890593,2228628.890593,337921.119096,973,0.0
Dayhoff+G8+FC+IC,-165670.23904,333288.478079,2232588.478079,337989.533127,974,0.0
Dayhoff+G8+FC+IO,-165625.259109,333198.518219,2232498.518219,337899.573267,974,0.0
WAG+G8+FO,-164306.173652,330558.347303,2225962.347303,335254.575806,973,0.0
WAG+G8+FO+IC,-164323.012054,330594.024107,2229894.024107,335295.079155,974,0.0
WAG+G8+FO+IO,-164286.115079,330520.230158,2229820.230158,335221.285206,974,0.0
Dayhoff+FO,-179545.779202,361035.558404,2252547.558404,365726.960361,972,0.0
stmtREV+G8+IO,-173416.190504,348742.381008,2174702.381008,353351.731696,955,0.0
stmtREV+G8+FC,-172957.623361,347861.246723,2243265.246723,352557.475225,973,0.0
stmtREV+G8+FC+IC,-172966.666251,347881.332502,2247181.332502,352582.387549,974,0.0
stmtREV+G8+FC+IO,-172927.779092,347803.558185,2247103.558185,352504.613232,974,0.0
stmtREV+G8+FO,-170530.748615,343007.49723,2238411.49723,347703.725732,973,0.0
stmtREV+G8+FO+IC,-170544.997717,343037.995433,2242337.995433,347739.050481,974,0.0
stmtREV+G8+FO+IO,-170506.013,342960.026,2242260.026,347661.081047,974,0.0
VT,-179093.25809,360092.516181,2178416.516181,364692.213779,953,0.0
VT+IC,-177235.552035,356379.104071,2178519.104071,360983.628214,954,0.0
VT+G8+FO,-164328.781507,330603.563014,2226007.563014,335299.791516,973,0.0
VT+FC+IO,-177311.380748,356568.761496,2251972.761496,361264.989999,973,0.0
VT+FO,-178530.065704,359004.131408,2250516.131408,363695.533365,972,0.0
VT+FO+IC,-176680.917079,355307.834158,2250711.834158,360004.06266,973,0.0
VT+FO+IO,-176648.697336,355243.394671,2250647.394671,359939.623174,973,0.0
VT+G8,-164764.180054,331436.360109,2153576.360109,336040.884252,954,0.0
VT+G8+IC,-164785.941771,331481.883542,2157441.883542,336091.234231,955,0.0
VT+G8+IO,-164747.702262,331405.404524,2157365.404524,336014.755213,955,0.0
VT+G8+FC,-165055.022668,332056.045335,2227460.045335,336752.273838,973,0.0
VT+G8+FC+IC,-165079.027266,332106.054532,2231406.054532,336807.10958,974,0.0
VT+G8+FC+IO,-165038.526605,332025.05321,2231325.05321,336726.108257,974,0.0
VT+IO,-177203.284001,356314.568003,2178454.568003,360919.092146,954,0.0
mtART+FO+IC,-192379.134213,386704.268425,2282108.268425,391400.496928,973,0.0
mtART+FO+IO,-192346.173113,386638.346225,2282042.346225,391334.574728,973,0.0
mtART+G8,-176308.268129,354524.536259,2176664.536259,359129.060402,954,0.0
mtART+G8+IC,-176356.960614,354623.921228,2180583.921228,359233.271917,955,0.0
mtART+G8+IO,-176299.968075,354509.93615,2180469.93615,359119.286838,955,0.0
mtART+G8+FC,-171304.07467,344554.149341,2239958.149341,349250.377843,973,0.0
mtART+G8+FC+IC,-171340.958926,344629.917852,2243929.917852,349330.9729,974,0.0
mtART+G8+FC+IO,-171294.406199,344536.812399,2243836.812399,349237.867447,974,0.0
mtART+G8+FO,-169178.45228,340302.90456,2235706.90456,344999.133063,973,0.0
PMB+IC,-179206.304787,360320.609575,2182460.609575,364925.133718,954,0.0
mtMAM,-202633.296441,407172.592881,2225496.592881,411772.290479,953,0.0
mtMAM+IC,-201014.475275,403936.950551,2226076.950551,408541.474694,954,0.0
mtMAM+IO,-200980.680291,403869.360581,2226009.360581,408473.884724,954,0.0
mtMAM+FC,-193057.164059,388058.328118,2279570.328118,392749.730075,972,0.0
mtMAM+FC+IC,-191314.372164,384574.744328,2279978.744328,389270.972831,973,0.0
mtMAM+FC+IO,-191280.90166,384507.803319,2279911.803319,389204.031822,973,0.0
mtMAM+FO,-189184.714002,380313.428005,2271825.428005,385004.829962,972,0.0
mtMAM+FO+IC,-187396.905242,376739.810484,2272143.810484,381436.038987,973,0.0
mtMAM+FO+IO,-187363.845117,376673.690234,2272077.690234,381369.918736,973,0.0
mtMAM+G8,-177173.446002,356254.892005,2178394.892005,360859.416148,954,0.0
mtART+G8+FO+IO,-169169.380356,340286.760713,2239586.760713,344987.81576,974,0.0
LG+IC,-179314.562373,360537.124745,2182677.124745,365141.648889,954,0.0
LG+IO,-179282.215459,360472.430919,2182612.430919,365076.955062,954,0.0
LG+FC+IC,-178863.959874,359673.919748,2255077.919748,364370.14825,973,0.0
LG+FO,-183201.51148,368347.02296,2259859.02296,373038.424918,972,0.0
LG+FO+IC,-181342.677902,364631.355804,2260035.355804,369327.584306,973,0.0
LG+FO+IO,-181310.410141,364566.820281,2259970.820281,369263.048784,973,0.0
LG+G8,-165177.548424,332263.096848,2154403.096848,336867.620991,954,0.0
LG+G8+IC,-165195.558044,332301.116088,2158261.116088,336910.466777,955,0.0
LG+G8+IO,-165157.845211,332225.690421,2158185.690421,336835.04111,955,0.0
mtART+FO,-194036.497385,390016.994769,2281528.994769,394708.396727,972,0.0
LG+G8+FC+IC,-165047.268595,332042.53719,2231342.53719,336743.592238,974,0.0
LG+G8+FC+IO,-165001.584935,331951.169871,2231251.169871,336652.224919,974,0.0
LG+G8+FO,-164334.125239,330614.250477,2226018.250477,335310.47898,973,0.0
LG+G8+FO+IC,-164371.385014,330690.770028,2229990.770028,335391.825076,974,0.0
LG+G8+FO+IO,-164331.748108,330611.496216,2229911.496216,335312.551264,974,0.0
mtART,-201052.917391,404011.834782,2222335.834782,408611.53238,953,0.0
mtART+IC,-199406.284414,400720.568828,2222860.568828,405325.092972,954,0.0
mtART+FC,-191376.427729,384696.855459,2276208.855459,389388.257416,972,0.0
mtART+FC+IC,-189735.462338,381416.924676,2276820.924676,386113.153178,973,0.0
mtART+FC+IO,-189702.505126,381351.010251,2276755.010251,386047.238754,973,0.0
LG+G8+FC,-165007.395012,331960.790023,2227364.790023,336657.018526,973,0.0
mtREV+G8+FO+IO,-166480.018877,334908.037754,2234208.037754,339609.092802,974,0.0
mtZOA,-192676.703762,387259.407523,2205583.407523,391859.105121,953,0.0
mtZOA+IC,-191091.145068,384090.290136,2206230.290136,388694.81428,954,0.0
mtZOA+IO,-191058.35347,384024.70694,2206164.70694,388629.231084,954,0.0
mtZOA+FC,-185750.893946,373445.787893,2264957.787893,378137.18985,972,0.0
mtZOA+FC+IC,-184098.930342,370143.860685,2265547.860685,374840.089187,973,0.0
mtZOA+FC+IO,-184066.160835,370078.32167,2265482.32167,374774.550173,973,0.0
mtZOA+FO,-183356.159397,368656.318795,2260168.318795,373347.720752,972,0.0
mtZOA+FO+IC,-181729.144247,365404.288494,2260808.288494,370100.516996,973,0.0
mtMAM+G8+IC,-177229.737661,356369.475322,2182329.475322,360978.82601,955,0.0
mtZOA+G8,-171032.029599,343972.059198,2166112.059198,348576.583341,954,0.0
mtZOA+G8+IC,-171069.046266,344048.092533,2170008.092533,348657.443221,955,0.0
mtZOA+G8+IO,-171018.411319,343946.822638,2169906.822638,348556.173327,955,0.0
mtZOA+G8+FC,-167922.396899,337790.793798,2233194.793798,342487.022301,973,0.0
mtZOA+G8+FC+IC,-167979.400086,337906.800172,2237206.800172,342607.85522,974,0.0
mtZOA+G8+FC+IO,-167933.794442,337815.588884,2237115.588884,342516.643932,974,0.0
mtZOA+G8+FO,-166593.473148,335132.946296,2230536.946296,339829.174799,973,0.0
mtZOA+G8+FO+IC,-166633.982979,335215.965959,2234515.965959,339917.021006,974,0.0
mtZOA+G8+FO+IO,-166593.342514,335134.685028,2234434.685028,339835.740076,974,0.0
PMB,-181065.830637,364037.661275,2182361.661275,368637.358873,953,0.0
mtZOA+FO+IO,-181696.340636,365338.681272,2260742.681272,370034.909774,973,0.0
mtMAM+G8+IO,-177168.387708,356246.775416,2182206.775416,360856.126104,955,0.0
mtMAM+G8+FC,-172068.709269,346083.418538,2241487.418538,350779.64704,973,0.0
mtMAM+G8+FC+IC,-172112.352939,346172.705878,2245472.705878,350873.760926,974,0.0
mtMAM+G8+FC+IO,-172060.899653,346069.799306,2245369.799306,350770.854353,974,0.0
mtMAM+G8+FO,-170232.175155,342410.350309,2237814.350309,347106.578812,973,0.0
mtMAM+G8+FO+IO,-170239.776948,342427.553896,2241727.553896,347128.608943,974,0.0
mtREV,-191442.865463,384791.730927,2203115.730927,389391.428525,953,0.0
mtREV+IC,-189960.699423,381829.398847,2203969.398847,386433.92299,954,0.0
mtREV+IO,-189927.393029,381762.786058,2203902.786058,386367.310202,954,0.0
mtREV+FC,-184173.827035,370291.65407,2261803.65407,374983.056027,972,0.0
mtREV+G8+FO+IC,-166520.200762,334988.401523,2234288.401523,339689.456571,974,0.0
mtREV+FC+IO,-182569.889227,367085.778454,2262489.778454,371782.006956,973,0.0
mtREV+FO,-181976.573018,365897.146036,2257409.146036,370588.547993,972,0.0
mtREV+FO+IC,-180429.869313,362805.738625,2258209.738625,367501.967128,973,0.0
mtREV+FO+IO,-180396.650809,362739.301617,2258143.301617,367435.53012,973,0.0
mtREV+G8,-172648.487407,347204.974814,2169344.974814,351809.498957,954,0.0
mtREV+G8+IC,-172684.473542,347278.947085,2173238.947085,351888.297773,955,0.0
mtREV+G8+IO,-172633.67847,347177.356939,2173137.356939,351786.707628,955,0.0
mtREV+G8+FC,-168089.665472,338125.330944,2233529.330944,342821.559447,973,0.0
mtREV+G8+FC+IC,-168133.1375,338214.274999,2237514.274999,342915.330047,974,0.0
mtREV+G8+FO,-166482.338569,334910.677138,2230314.677138,339606.905641,973,0.0
mtREV+FC+IC,-182603.196,367152.392,2262556.392,371848.620503,973,0.0
